Timestamp,Debit [m3/h],T aller,T retour
9/21/2022 0:00,30.81,83.6,72.7
9/21/2022 0:01,30.79,83.6,72.7
9/21/2022 0:02,30.26,83.6,72.7
9/21/2022 0:03,30.95,83.7,72.7
9/21/2022 0:04,29.96,83.6,72.7
9/21/2022 0:05,29.43,83.6,72.7
9/21/2022 0:06,29.69,83.6,72.7
9/21/2022 0:07,30.56,83.6,72.6
9/21/2022 0:08,30.63,83.6,72.7
9/21/2022 0:09,30.62,83.7,72.7
9/21/2022 0:10,30.7,83.7,72.7
9/21/2022 0:11,31.22,83.6,72.7
9/21/2022 0:12,30.74,83.7,72.6
9/21/2022 0:13,31.62,83.6,72.6
9/21/2022 0:14,32.2,83.6,72.6
9/21/2022 0:15,32.58,83.6,72.6
9/21/2022 0:16,33.67,83.6,72.7
9/21/2022 0:17,34.89,83.6,72.6
9/21/2022 0:18,35.39,83.6,72.6
9/21/2022 0:19,36.01,83.7,72.6
9/21/2022 0:20,37.45,83.6,72.6
9/21/2022 0:21,37.66,83.6,72.6
9/21/2022 0:22,37.58,83.6,72.6
9/21/2022 0:23,37.62,83.6,72.7
9/21/2022 0:24,37.79,83.7,72.7
9/21/2022 0:25,38.56,83.7,72.6
9/21/2022 0:26,38.84,83.8,72.7
9/21/2022 0:27,40.33,83.8,72.7
9/21/2022 0:28,42.12,83.9,72.7
9/21/2022 0:29,42.61,83.9,72.7
9/21/2022 0:30,42.62,84,72.8
9/21/2022 0:31,44.41,84,72.8
9/21/2022 0:32,44.94,84,72.8
9/21/2022 0:33,44.78,84.1,72.8
9/21/2022 0:34,45.02,84.1,72.8
9/21/2022 0:35,45.12,84.2,72.8
9/21/2022 0:36,44.91,84.1,72.8
9/21/2022 0:37,44.13,84.1,72.8
9/21/2022 0:38,43.25,84.1,72.8
9/21/2022 0:39,42.85,84,72.8
9/21/2022 0:40,43.42,84,72.8
9/21/2022 0:41,44.04,84,72.8
9/21/2022 0:42,44.19,84,72.8
9/21/2022 0:43,43.99,84,72.8
9/21/2022 0:44,43.4,83.9,72.7
9/21/2022 0:45,43.82,83.9,72.7
9/21/2022 0:46,42.85,83.9,72.7
9/21/2022 0:47,43.51,83.9,72.7
9/21/2022 0:48,43.02,83.9,72.7
9/21/2022 0:49,42.71,83.9,72.6
9/21/2022 0:50,43.23,83.9,72.7
9/21/2022 0:51,43.75,83.9,72.6
9/21/2022 0:52,43.25,83.9,72.6
9/21/2022 0:53,43.24,83.9,72.6
9/21/2022 0:54,42.55,83.8,72.6
9/21/2022 0:55,43.24,83.9,72.6
9/21/2022 0:56,42.32,83.9,72.7
9/21/2022 0:57,42.39,83.8,72.6
9/21/2022 0:58,42.91,83.8,72.7
9/21/2022 0:59,42.89,83.7,72.6
9/21/2022 1:00,42.61,83.7,72.7
9/21/2022 1:01,43.7,83.6,72.7
9/21/2022 1:02,43.65,83.6,72.7
9/21/2022 1:03,43.27,83.6,72.7
9/21/2022 1:04,43.23,83.5,72.6
9/21/2022 1:05,42.83,83.5,72.7
9/21/2022 1:06,43.19,83.5,72.7
9/21/2022 1:07,43.06,83.6,72.7
9/21/2022 1:08,42.9,83.5,72.7
9/21/2022 1:09,42.73,83.6,72.7
9/21/2022 1:10,42.75,83.6,72.7
9/21/2022 1:11,42.57,83.6,72.7
9/21/2022 1:12,42.7,83.7,72.7
9/21/2022 1:13,43.89,83.6,72.8
9/21/2022 1:14,44.91,83.6,72.7
9/21/2022 1:15,46.73,83.5,72.7
9/21/2022 1:16,48.62,83.6,72.7
9/21/2022 1:17,51.06,83.6,72.8
9/21/2022 1:18,39.19,83.5,72.8
9/21/2022 1:19,42.97,83.6,72.7
9/21/2022 1:20,45.62,83.6,72.8
9/21/2022 1:21,48.74,83.6,72.8
9/21/2022 1:22,51.51,83.7,72.8
9/21/2022 1:23,53.32,83.7,72.8
9/21/2022 1:24,54.89,83.7,72.7
9/21/2022 1:25,57.58,83.8,72.7
9/21/2022 1:26,58.31,83.8,72.6
9/21/2022 1:27,58.99,83.8,72.6
9/21/2022 1:28,59.02,83.9,72.6
9/21/2022 1:29,58.85,83.8,72.6
9/21/2022 1:30,59.18,83.8,72.6
9/21/2022 1:31,60.01,83.8,72.5
9/21/2022 1:32,59.99,83.8,72.5
9/21/2022 1:33,59.65,83.7,72.6
9/21/2022 1:34,57.99,83.8,72.5
9/21/2022 1:35,51.96,83.8,72.5
9/21/2022 1:36,50.3,83.7,72.5
9/21/2022 1:37,48.4,83.7,72.4
9/21/2022 1:38,48.01,83.7,72.4
9/21/2022 1:39,47.73,83.8,72.5
9/21/2022 1:40,47.1,83.8,72.4
9/21/2022 1:41,47.17,83.8,72.4
9/21/2022 1:42,47.28,83.8,72.4
9/21/2022 1:43,46.3,83.9,72.3
9/21/2022 1:44,46.03,83.8,72.3
9/21/2022 1:45,45.61,83.8,72.3
9/21/2022 1:46,45.3,83.7,72.3
9/21/2022 1:47,45.18,83.7,72.4
9/21/2022 1:48,45.28,83.7,72.3
9/21/2022 1:49,45.51,83.6,72.3
9/21/2022 1:50,45.37,83.6,72.3
9/21/2022 1:51,45.54,83.6,72.3
9/21/2022 1:52,45.67,83.5,72.3
9/21/2022 1:53,44.71,83.5,72.3
9/21/2022 1:54,45.23,83.4,72.4
9/21/2022 1:55,45.12,83.4,72.4
9/21/2022 1:56,45.89,83.4,72.4
9/21/2022 1:57,46.27,83.4,72.4
9/21/2022 1:58,46.48,83.5,72.4
9/21/2022 1:59,45.9,83.5,72.4
9/21/2022 2:00,45.78,83.6,72.4
9/21/2022 2:01,45.35,83.6,72.4
9/21/2022 2:02,44.82,83.6,72.4
9/21/2022 2:03,45,83.6,72.5
9/21/2022 2:04,45.57,83.6,72.4
9/21/2022 2:05,45.18,83.6,72.4
9/21/2022 2:06,45.97,83.6,72.4
9/21/2022 2:07,46.39,83.7,72.3
9/21/2022 2:08,45.8,83.7,72.4
9/21/2022 2:09,45.32,83.6,72.4
9/21/2022 2:10,45.88,83.7,72.4
9/21/2022 2:11,46.09,83.6,72.3
9/21/2022 2:12,45.54,83.7,72.3
9/21/2022 2:13,45.58,83.6,72.3
9/21/2022 2:14,45.37,83.6,72.3
9/21/2022 2:15,45.05,83.6,72.3
9/21/2022 2:16,45.12,83.6,72.3
9/21/2022 2:17,46.07,83.6,72.4
9/21/2022 2:18,45.82,83.7,72.3
9/21/2022 2:19,45.64,83.7,72.3
9/21/2022 2:20,46.13,83.7,72.3
9/21/2022 2:21,45.88,83.8,72.3
9/21/2022 2:22,45.6,83.8,72.3
9/21/2022 2:23,46.27,83.8,72.3
9/21/2022 2:24,45.78,83.9,72.3
9/21/2022 2:25,45.96,83.9,72.3
9/21/2022 2:26,45.89,84,72.3
9/21/2022 2:27,45.33,84.1,72.2
9/21/2022 2:28,45.43,84.1,72.3
9/21/2022 2:29,45.9,84.1,72.3
9/21/2022 2:30,46.3,84.2,72.3
9/21/2022 2:31,46.58,84.2,72.3
9/21/2022 2:32,46.53,84.2,72.3
9/21/2022 2:33,46.12,84.3,72.3
9/21/2022 2:34,45.83,84.3,72.3
9/21/2022 2:35,46.31,84.2,72.3
9/21/2022 2:36,46.1,84.3,72.3
9/21/2022 2:37,46.49,84.3,72.4
9/21/2022 2:38,47.15,84.4,72.4
9/21/2022 2:39,47.12,84.3,72.3
9/21/2022 2:40,47.49,84.4,72.4
9/21/2022 2:41,47.17,84.4,72.3
9/21/2022 2:42,46.99,84.4,72.4
9/21/2022 2:43,46.95,84.4,72.4
9/21/2022 2:44,46.8,84.3,72.4
9/21/2022 2:45,45.81,84.3,72.3
9/21/2022 2:46,46.88,84.3,72.3
9/21/2022 2:47,47.01,84.2,72.3
9/21/2022 2:48,46.73,84.1,72.3
9/21/2022 2:49,45.42,84.1,72.3
9/21/2022 2:50,44.72,84,72.3
9/21/2022 2:51,45.12,83.9,72.2
9/21/2022 2:52,45.14,83.8,72.2
9/21/2022 2:53,45.05,83.7,72.3
9/21/2022 2:54,44.85,83.6,72.3
9/21/2022 2:55,44.39,83.5,72.2
9/21/2022 2:56,44.15,83.5,72.2
9/21/2022 2:57,44.44,83.5,72.2
9/21/2022 2:58,44.64,83.4,72.2
9/21/2022 3:00,44.27,83.5,72.2
9/21/2022 3:01,44.59,83.4,72.2
9/21/2022 3:02,44.73,83.4,72.3
9/21/2022 3:03,44.87,83.4,72.3
9/21/2022 3:04,44.47,83.5,72.3
9/21/2022 3:05,44.29,83.5,72.4
9/21/2022 3:06,44.56,83.6,72.4
9/21/2022 3:07,44.39,83.6,72.4
9/21/2022 3:08,44.38,83.6,72.4
9/21/2022 3:09,44.76,83.7,72.5
9/21/2022 3:10,44.63,83.8,72.4
9/21/2022 3:11,44.46,83.8,72.5
9/21/2022 3:12,44.49,83.9,72.5
9/21/2022 3:13,44.79,83.9,72.5
9/21/2022 3:14,43.99,83.9,72.6
9/21/2022 3:15,42.93,83.9,72.5
9/21/2022 3:16,43.54,83.9,72.6
9/21/2022 3:17,43.36,83.8,72.6
9/21/2022 3:18,43.29,83.8,72.6
9/21/2022 3:19,43.65,83.8,72.7
9/21/2022 3:20,43.49,83.7,72.7
9/21/2022 3:21,43.22,83.7,72.7
9/21/2022 3:22,42.86,83.7,72.8
9/21/2022 3:23,42.59,83.7,72.8
9/21/2022 3:24,42.15,83.8,72.9
9/21/2022 3:25,42.05,83.7,72.9
9/21/2022 3:26,41.45,83.7,73
9/21/2022 3:27,41.27,83.7,73
9/21/2022 3:28,41.25,83.7,73
9/21/2022 3:29,41.31,83.7,73
9/21/2022 3:30,41.6,83.7,73.1
9/21/2022 3:31,41.6,83.6,73.1
9/21/2022 3:32,41.78,83.6,73.1
9/21/2022 3:33,41.8,83.5,73.1
9/21/2022 3:34,41.26,83.5,73.1
9/21/2022 3:35,40.77,83.4,73.1
9/21/2022 3:36,40.48,83.4,73
9/21/2022 3:37,40.23,83.3,73.1
9/21/2022 3:38,40.35,83.3,73.1
9/21/2022 3:39,39.73,83.3,73.1
9/21/2022 3:40,39.38,83.3,73.1
9/21/2022 3:41,38.33,83.4,73
9/21/2022 3:42,35.06,83.3,73
9/21/2022 3:43,33.9,83.4,73.1
9/21/2022 3:44,31.27,83.5,73
9/21/2022 3:45,30.42,83.5,73.1
9/21/2022 3:46,29.57,83.6,73
9/21/2022 3:47,29.62,83.6,73
9/21/2022 3:48,30.36,83.7,73
9/21/2022 3:49,29.41,83.7,73
9/21/2022 3:50,28.75,83.7,73.1
9/21/2022 3:51,29.3,83.8,73.1
9/21/2022 3:52,28.91,83.7,73.1
9/21/2022 3:53,28.06,83.8,73.1
9/21/2022 3:54,28.51,83.7,73.1
9/21/2022 3:55,28.73,83.8,73.1
9/21/2022 3:56,29.26,83.8,73.2
9/21/2022 3:57,29.33,83.8,73.1
9/21/2022 3:58,29.79,83.8,73.1
9/21/2022 3:59,29.77,83.8,73.1
9/21/2022 4:00,30.24,83.9,73.2
9/21/2022 4:01,30.35,83.9,73.1
9/21/2022 4:02,30.66,83.9,73.1
9/21/2022 4:03,33.05,84,73.1
9/21/2022 4:04,34.83,84,73.1
9/21/2022 4:05,35.03,84,73.1
9/21/2022 4:06,35.2,84.1,73.1
9/21/2022 4:07,35.66,84.1,73.1
9/21/2022 4:08,36.56,84.1,73.1
9/21/2022 4:09,36.6,84.2,73
9/21/2022 4:10,36.41,84.1,73.1
9/21/2022 4:11,35.62,84.2,73.1
9/21/2022 4:12,35.62,84.2,73.1
9/21/2022 4:13,35.32,84.2,73.1
9/21/2022 4:14,35.26,84.1,73.1
9/21/2022 4:15,35.4,84.2,73.1
9/21/2022 4:16,34.71,84.1,73
9/21/2022 4:17,34.87,84,73
9/21/2022 4:18,35.4,84,73.1
9/21/2022 4:19,35.24,84,73
9/21/2022 4:20,35.07,84,73
9/21/2022 4:21,35.78,84.1,73
9/21/2022 4:22,35.9,84,73
9/21/2022 4:23,35.8,84.1,73
9/21/2022 4:24,35.94,84.1,73
9/21/2022 4:25,35.83,84.1,73
9/21/2022 4:26,35.46,84.2,73
9/21/2022 4:27,35.37,84.1,73
9/21/2022 4:28,35.73,84.2,73
9/21/2022 4:29,35.98,84.1,72.9
9/21/2022 4:30,36.5,84.1,73
9/21/2022 4:31,35.9,84,73
9/21/2022 4:32,35.55,84,72.9
9/21/2022 4:33,36.04,83.9,73
9/21/2022 4:34,36.23,83.9,73
9/21/2022 4:35,36.29,83.8,73
9/21/2022 4:36,36.47,83.8,72.9
9/21/2022 4:37,35.49,83.8,73
9/21/2022 4:38,35.13,83.7,73
9/21/2022 4:39,35.04,83.8,73
9/21/2022 4:40,36.03,83.8,73
9/21/2022 4:41,36.74,83.8,72.9
9/21/2022 4:42,40.02,83.8,73
9/21/2022 4:43,42.91,83.8,72.9
9/21/2022 4:44,44.58,83.9,72.9
9/21/2022 4:45,45.62,83.8,72.9
9/21/2022 4:46,45.26,83.8,72.9
9/21/2022 4:47,45.76,83.7,72.9
9/21/2022 4:48,45.9,83.7,72.9
9/21/2022 4:49,45.75,83.7,72.9
9/21/2022 4:50,45.94,83.7,72.8
9/21/2022 4:51,45.74,83.7,72.9
9/21/2022 4:52,44.93,83.6,72.8
9/21/2022 4:53,45.52,83.6,72.8
9/21/2022 4:54,44.07,83.6,72.8
9/21/2022 4:55,44.59,83.6,72.8
9/21/2022 4:56,44.54,83.6,72.7
9/21/2022 4:57,43.96,83.6,72.7
9/21/2022 4:58,43.91,83.6,72.7
9/21/2022 4:59,43.93,83.6,72.7
9/21/2022 5:00,43.9,83.6,72.7
9/21/2022 5:01,44.06,83.6,72.7
9/21/2022 5:02,44.28,83.5,72.7
9/21/2022 5:03,44.5,83.5,72.6
9/21/2022 5:04,44.44,83.6,72.7
9/21/2022 5:05,44.58,83.6,72.6
9/21/2022 5:06,44.41,83.6,72.6
9/21/2022 5:07,45.43,83.6,72.6
9/21/2022 5:08,44.99,83.6,72.6
9/21/2022 5:09,46.88,83.7,72.6
9/21/2022 5:10,46.75,83.6,72.6
9/21/2022 5:11,46.72,83.6,72.6
9/21/2022 5:12,46.65,83.6,72.6
9/21/2022 5:13,46.65,83.6,72.6
9/21/2022 5:14,46.31,83.6,72.6
9/21/2022 5:15,46.62,83.5,72.6
9/21/2022 5:16,46.86,83.6,72.7
9/21/2022 5:17,46.57,83.5,72.6
9/21/2022 5:18,46.85,83.5,72.6
9/21/2022 5:19,47.23,83.5,72.7
9/21/2022 5:20,47.25,83.6,72.6
9/21/2022 5:21,46.99,83.6,72.6
9/21/2022 5:22,46.62,83.6,72.7
9/21/2022 5:23,46.78,83.6,72.7
9/21/2022 5:24,47.61,83.6,72.7
9/21/2022 5:25,47.16,83.7,72.7
9/21/2022 5:26,46.44,83.7,72.6
9/21/2022 5:27,46.88,83.7,72.7
9/21/2022 5:28,47.62,83.7,72.7
9/21/2022 5:29,47.62,83.8,72.6
9/21/2022 5:30,47.64,83.8,72.6
9/21/2022 5:31,47.73,83.7,72.5
9/21/2022 5:32,48.42,83.8,72.5
9/21/2022 5:33,37.71,83.8,72.4
9/21/2022 5:34,39.78,83.8,72.4
9/21/2022 5:35,42.97,83.8,72.3
9/21/2022 5:36,45.81,83.8,72.2
9/21/2022 5:37,48.22,83.8,72.1
9/21/2022 5:38,49.19,83.8,72
9/21/2022 5:39,50.96,83.9,72
9/21/2022 5:40,52.1,83.8,72
9/21/2022 5:41,53.25,83.8,72
9/21/2022 5:42,53.24,83.9,72
9/21/2022 5:43,54.17,83.9,72.1
9/21/2022 5:44,54.27,83.9,72.2
9/21/2022 5:45,53.94,83.9,72.3
9/21/2022 5:46,50.16,84,72.4
9/21/2022 5:47,44.29,84,72.5
9/21/2022 5:48,43.69,84,72.6
9/21/2022 5:49,43.52,84.1,72.7
9/21/2022 5:50,42.21,84.1,72.7
9/21/2022 5:51,41.57,84,72.8
9/21/2022 5:52,41.34,84.1,72.8
9/21/2022 5:53,41.52,84,72.9
9/21/2022 5:54,41.72,84,72.8
9/21/2022 5:55,41.89,84,72.9
9/21/2022 5:56,41.28,84,72.9
9/21/2022 5:57,41.17,84,72.9
9/21/2022 5:58,41.63,84,72.8
9/21/2022 5:59,41.44,83.9,72.9
9/21/2022 6:00,41.08,84,72.9
9/21/2022 6:01,41.44,84,72.9
9/21/2022 6:02,41.69,83.9,72.9
9/21/2022 6:03,41.53,84,72.9
9/21/2022 6:04,41.34,84,73
9/21/2022 6:05,41.16,84.1,72.9
9/21/2022 6:06,41.23,84.1,73
9/21/2022 6:07,40.64,84.1,73
9/21/2022 6:08,40.59,84.1,73
9/21/2022 6:09,40.71,84,73
9/21/2022 6:10,40.38,84,73.1
9/21/2022 6:11,39.83,84,73.1
9/21/2022 6:12,41.69,84,73
9/21/2022 6:13,41.65,83.9,73
9/21/2022 6:14,40.42,84,73.1
9/21/2022 6:15,40.65,83.9,73
9/21/2022 6:16,40.83,83.9,73
9/21/2022 6:17,41.15,83.8,72.9
9/21/2022 6:18,41.46,83.9,73
9/21/2022 6:19,41.1,83.9,72.9
9/21/2022 6:20,41.1,83.9,73
9/21/2022 6:20,41.07,83.8,72.9
9/21/2022 6:21,40.99,83.8,73
9/21/2022 6:22,41.13,83.8,73
9/21/2022 6:23,41.55,83.8,73
9/21/2022 6:24,41.59,83.7,73.1
9/21/2022 6:25,41.31,83.7,73.1
9/21/2022 6:26,41.49,83.7,73
9/21/2022 6:27,42.14,83.7,73.1
9/21/2022 6:28,41.06,83.7,73.1
9/21/2022 6:29,39.8,83.6,73.2
9/21/2022 6:30,39.47,83.7,73.1
9/21/2022 6:31,39.28,83.6,73.2
9/21/2022 6:32,38.9,83.6,73.2
9/21/2022 6:33,38.66,83.6,73.2
9/21/2022 6:34,39.15,83.6,73.2
9/21/2022 6:35,39.03,83.5,73.3
9/21/2022 6:36,39.09,83.5,73.3
9/21/2022 6:37,39.48,83.5,73.3
9/21/2022 6:38,39.74,83.5,73.3
9/21/2022 6:39,38.45,83.5,73.3
9/21/2022 6:40,38.88,83.4,73.3
9/21/2022 6:41,39.22,83.5,73.3
9/21/2022 6:42,39.01,83.5,73.3
9/21/2022 6:43,38.66,83.5,73.3
9/21/2022 6:44,38.5,83.6,73.3
9/21/2022 6:45,38.78,83.6,73.3
9/21/2022 6:46,38.8,83.6,73.3
9/21/2022 6:47,38.49,83.6,73.3
9/21/2022 6:48,38.53,83.7,73.3
9/21/2022 6:49,38.91,83.6,73.2
9/21/2022 6:50,39.55,83.6,73.2
9/21/2022 6:51,39.38,83.6,73.2
9/21/2022 6:52,38.61,83.7,73.1
9/21/2022 6:53,38.35,83.6,73.1
9/21/2022 6:54,38.39,83.7,73.1
9/21/2022 6:55,39.52,83.7,73.1
9/21/2022 6:56,42.17,83.7,73.1
9/21/2022 6:57,45.18,83.7,73
9/21/2022 6:58,46.91,83.7,73
9/21/2022 6:59,48.54,83.8,73
9/21/2022 7:00,50.21,83.8,73
9/21/2022 7:01,51.2,83.8,73
9/21/2022 7:02,51.57,83.8,73
9/21/2022 7:03,52.25,83.8,73
9/21/2022 7:04,52.39,83.8,73
9/21/2022 7:05,53.35,83.8,73
9/21/2022 7:06,54.43,83.8,73.1
9/21/2022 7:07,54.59,83.8,73
9/21/2022 7:08,54.03,83.7,73
9/21/2022 7:09,54.23,83.7,73
9/21/2022 7:10,54.94,83.7,73.1
9/21/2022 7:11,53.94,83.8,73
9/21/2022 7:12,51.47,83.7,73.1
9/21/2022 7:13,50.44,83.8,73.1
9/21/2022 7:14,47.61,83.8,73.1
9/21/2022 7:15,46.59,83.8,73.1
9/21/2022 7:16,45.91,83.9,73
9/21/2022 7:17,45.19,83.9,73.1
9/21/2022 7:18,45.12,83.9,73.1
9/21/2022 7:19,45,84,73
9/21/2022 7:20,45.18,84,73.1
9/21/2022 7:21,45.55,84,73.1
9/21/2022 7:22,46.71,84,73
9/21/2022 7:23,47.69,84.1,73.1
9/21/2022 7:24,49.14,84.1,73
9/21/2022 7:25,49.73,84.1,73.1
9/21/2022 7:26,50.42,84.2,73.1
9/21/2022 7:27,50.24,84.1,73.1
9/21/2022 7:28,48.26,84.1,73
9/21/2022 7:29,46.35,84.1,73.1
9/21/2022 7:30,43.94,84.1,73.2
9/21/2022 7:31,43.69,84.2,73.2
9/21/2022 7:32,43.59,84.2,73.2
9/21/2022 7:33,42.55,84.2,73.3
9/21/2022 7:34,42.01,84.2,73.3
9/21/2022 7:35,42.38,84.2,73.4
9/21/2022 7:36,40.96,84.1,73.4
9/21/2022 7:37,40.41,84.1,73.4
9/21/2022 7:38,40.06,84.1,73.4
9/21/2022 7:39,40.25,84.1,73.5
9/21/2022 7:40,40.12,84.1,73.4
9/21/2022 7:41,39.86,84,73.5
9/21/2022 7:42,39.98,84.1,73.5
9/21/2022 7:43,40.16,84,73.4
9/21/2022 7:44,40.7,84,73.4
9/21/2022 7:45,39.13,83.9,73.4
9/21/2022 7:46,38.85,83.9,73.3
9/21/2022 7:47,39.11,83.8,73.4
9/21/2022 7:48,39.04,83.7,73.4
9/21/2022 7:49,39.16,83.7,73.4
9/21/2022 7:50,39.1,83.6,73.3
9/21/2022 7:51,39.11,83.5,73.3
9/21/2022 7:52,39.4,83.4,73.3
9/21/2022 7:53,39.63,83.3,73.3
9/21/2022 7:54,38.85,83.3,73.2
9/21/2022 7:55,38.71,83.3,73.2
9/21/2022 7:56,40.83,83.2,73.3
9/21/2022 7:57,42.28,83.3,73.2
9/21/2022 7:58,44.4,83.3,73.2
9/21/2022 7:59,46.27,83.3,73.2
9/21/2022 8:00,49.07,83.4,73.3
9/21/2022 8:01,50.86,83.5,73.2
9/21/2022 8:02,50.96,83.5,73.2
9/21/2022 8:03,51.12,83.5,73.2
9/21/2022 8:04,50.83,83.6,73.2
9/21/2022 8:05,51.16,83.5,73.2
9/21/2022 8:06,47.62,83.6,73.2
9/21/2022 8:07,44.98,83.6,73.2
9/21/2022 8:08,42.85,83.6,73.1
9/21/2022 8:09,41.28,83.6,73.2
9/21/2022 8:10,40.56,83.6,73.2
9/21/2022 8:11,40.42,83.6,73.1
9/21/2022 8:12,40.37,83.6,73.1
9/21/2022 8:13,40.9,83.6,73.2
9/21/2022 8:14,42.67,83.6,73.1
9/21/2022 8:15,43.56,83.7,73.1
9/21/2022 8:16,44.97,83.6,73
9/21/2022 8:17,46.26,83.7,73.1
9/21/2022 8:18,47.21,83.7,73.1
9/21/2022 8:19,47.64,83.8,73.1
9/21/2022 8:20,47.71,83.8,73.1
9/21/2022 8:21,47.22,83.8,73
9/21/2022 8:22,46.98,83.9,73.1
9/21/2022 8:23,46.01,83.9,73.1
9/21/2022 8:24,44.01,83.9,73.1
9/21/2022 8:25,41.92,83.8,73
9/21/2022 8:26,41.32,83.9,73
9/21/2022 8:27,41.67,83.8,73.1
9/21/2022 8:28,41.3,83.9,73
9/21/2022 8:29,41.03,83.9,73
9/21/2022 8:30,40.53,83.9,73
9/21/2022 8:31,40.88,83.9,73
9/21/2022 8:32,41.31,84,73
9/21/2022 8:33,41.59,84,72.9
9/21/2022 8:34,41.59,84,73
9/21/2022 8:35,41.48,84,73
9/21/2022 8:36,41.77,84.1,73
9/21/2022 8:37,42.06,84.1,73
9/21/2022 8:38,42.24,84.1,73
9/21/2022 8:39,42.38,84,73.1
9/21/2022 8:40,42.76,84,73
9/21/2022 8:41,41.66,84,73.1
9/21/2022 8:42,41.99,84,73.1
9/21/2022 8:43,41.67,83.9,73
9/21/2022 8:44,42.29,84,73.1
9/21/2022 8:45,42.01,84,73.1
9/21/2022 8:46,41.82,84,73
9/21/2022 8:47,42.09,84,73
9/21/2022 8:48,42.02,84.1,73
9/21/2022 8:49,42.07,84.1,72.9
9/21/2022 8:50,42.32,84.1,72.9
9/21/2022 8:51,41.88,84.1,72.9
9/21/2022 8:52,41.87,84.1,72.8
9/21/2022 8:53,41.62,84,72.7
9/21/2022 8:54,41.42,84.1,72.7
9/21/2022 8:55,41.54,84,72.6
9/21/2022 8:56,42.32,84.1,72.6
9/21/2022 8:57,42.12,84,72.6
9/21/2022 8:58,41.98,84,72.6
9/21/2022 8:59,42.09,84,72.6
9/21/2022 9:00,42.34,84,72.7
9/21/2022 9:01,41.81,84,72.7
9/21/2022 9:02,41.63,83.9,72.8
9/21/2022 9:03,43.09,84,72.8
9/21/2022 9:04,43.07,84,72.9
9/21/2022 9:05,41.94,83.9,72.9
9/21/2022 9:06,41.89,83.9,73
9/21/2022 9:07,42.35,83.8,73
9/21/2022 9:08,42.29,83.8,73.1
9/21/2022 9:09,41.95,83.8,73.1
9/21/2022 9:10,42.52,83.7,73.2
9/21/2022 9:11,42.19,83.6,73.2
9/21/2022 9:12,41.95,83.6,73.2
9/21/2022 9:13,41.97,83.5,73.2
9/21/2022 9:14,41.88,83.5,73.3
9/21/2022 9:15,41.78,83.4,73.3
9/21/2022 9:16,41.4,83.4,73.3
9/21/2022 9:17,43.44,83.4,73.3
9/21/2022 9:18,42.13,83.3,73.3
9/21/2022 9:19,41.72,83.4,73.3
9/21/2022 9:20,41.74,83.3,73.2
9/21/2022 9:21,41.35,83.3,73.3
9/21/2022 9:22,41.37,83.4,73.3
9/21/2022 9:23,41.82,83.4,73.3
9/21/2022 9:24,41.99,83.4,73.3
9/21/2022 9:25,41.74,83.5,73.3
9/21/2022 9:26,41.58,83.5,73.3
9/21/2022 9:27,41.05,83.6,73.3
9/21/2022 9:28,41.3,83.6,73.3
9/21/2022 9:29,41.05,83.6,73.3
9/21/2022 9:30,41.19,83.7,73.3
9/21/2022 9:31,41.18,83.7,73.3
9/21/2022 9:32,41.35,83.8,73.3
9/21/2022 9:33,40.88,83.8,73.2
9/21/2022 9:34,40.28,83.8,73.3
9/21/2022 9:35,40.67,83.8,73.2
9/21/2022 9:36,40.92,83.8,73.2
9/21/2022 9:37,41.79,83.8,73.2
9/21/2022 9:38,41.68,83.8,73.2
9/21/2022 9:39,41.52,83.8,73.2
9/21/2022 9:40,41.42,83.9,73.1
9/21/2022 9:41,41.1,83.8,73.1
9/21/2022 9:42,40.92,83.9,73.2
9/21/2022 9:43,41.35,83.9,73.2
9/21/2022 9:44,41.25,84,73.1
9/21/2022 9:45,41.65,84,73.1
9/21/2022 9:46,41.62,84,73.1
9/21/2022 9:47,42.13,84,73.1
9/21/2022 9:48,41.96,84.1,73.1
9/21/2022 9:49,41.29,84.1,73.1
9/21/2022 9:50,41.43,84.1,73
9/21/2022 9:51,41.29,84.1,73.1
9/21/2022 9:52,40.79,84.2,73.1
9/21/2022 9:53,41.38,84.1,73
9/21/2022 9:54,42.07,84.1,73.1
9/21/2022 9:55,41.98,84.2,73.1
9/21/2022 9:56,41.48,84.2,73
9/21/2022 9:57,41.57,84.1,73.1
9/21/2022 9:58,41.97,84.1,73.1
9/21/2022 9:59,42.19,84.1,73
9/21/2022 10:00,42.17,84,73
9/21/2022 10:01,42.41,84,73
9/21/2022 10:02,41.86,84,73
9/21/2022 10:03,43.21,83.9,73
9/21/2022 10:04,43.36,83.9,73
9/21/2022 10:05,42.59,83.9,72.9
9/21/2022 10:06,42.45,83.8,73
9/21/2022 10:07,43.66,83.8,73
9/21/2022 10:08,43.84,83.7,73
9/21/2022 10:09,43.87,83.7,73
9/21/2022 10:10,43.81,83.6,73
9/21/2022 10:11,44.33,83.6,72.9
9/21/2022 10:12,44.73,83.6,72.9
9/21/2022 10:13,45.11,83.5,72.9
9/21/2022 10:14,44.77,83.4,72.9
9/21/2022 10:15,45.25,83.4,72.9
9/21/2022 10:16,45.63,83.4,72.9
9/21/2022 10:17,44.92,83.3,72.9
9/21/2022 10:18,44.75,83.3,72.9
9/21/2022 10:19,45,83.3,72.9
9/21/2022 10:20,44.97,83.3,72.8
9/21/2022 10:21,45.96,83.3,72.9
9/21/2022 10:22,45.19,83.2,72.9
9/21/2022 10:23,45.06,83.3,72.9
9/21/2022 10:24,44.4,83.3,72.8
9/21/2022 10:25,44.84,83.4,72.9
9/21/2022 10:26,45.52,83.4,72.9
9/21/2022 10:27,44.32,83.4,72.8
9/21/2022 10:28,43.53,83.5,72.8
9/21/2022 10:29,44.3,83.5,72.8
9/21/2022 10:30,44.52,83.5,72.8
9/21/2022 10:31,44.72,83.6,72.8
9/21/2022 10:32,44.41,83.7,72.8
9/21/2022 10:33,44.05,83.7,72.9
9/21/2022 10:34,44.49,83.7,72.8
9/21/2022 10:35,44.81,83.8,72.9
9/21/2022 10:36,44.41,83.9,72.9
9/21/2022 10:37,44.3,83.9,72.9
9/21/2022 10:38,43.9,84,73
9/21/2022 10:39,43.66,84.1,73
9/21/2022 10:40,43.96,84.2,73
9/21/2022 10:41,44.26,84.3,73
9/21/2022 10:42,43.98,84.3,73
9/21/2022 10:43,43.31,84.3,72.9
9/21/2022 10:44,43.92,84.2,72.9
9/21/2022 10:45,44.81,84.2,72.9
9/21/2022 10:46,44.7,84.2,72.9
9/21/2022 10:47,43.13,84.2,72.9
9/21/2022 10:48,41.75,84.2,72.9
9/21/2022 10:49,41.26,84.1,72.9
9/21/2022 10:50,41.27,84.1,72.9
9/21/2022 10:51,43.39,84.1,72.8
9/21/2022 10:52,43.72,84,72.9
9/21/2022 10:53,43.69,84,72.8
9/21/2022 10:54,43.75,83.9,72.8
9/21/2022 10:55,44.2,83.8,72.8
9/21/2022 10:56,43.77,83.7,72.8
9/21/2022 10:57,42.16,83.5,72.8
9/21/2022 10:58,41.81,83.4,72.8
9/21/2022 10:59,41.78,83.3,72.8
9/21/2022 11:00,42.82,83.3,72.9
9/21/2022 11:01,43.39,83.2,72.8
9/21/2022 11:02,43.79,83.2,72.9
9/21/2022 11:03,44.13,83.2,72.8
9/21/2022 11:04,44.47,83.3,72.8
9/21/2022 11:05,44.22,83.3,72.9
9/21/2022 11:06,44.43,83.4,72.9
9/21/2022 11:07,44.83,83.5,72.9
9/21/2022 11:08,45.29,83.6,72.9
9/21/2022 11:09,45.28,83.7,72.9
9/21/2022 11:10,44.99,83.8,72.9
9/21/2022 11:11,44.8,83.9,72.8
9/21/2022 11:12,44.87,84,72.9
9/21/2022 11:13,44.74,84.1,72.8
9/21/2022 11:14,44.88,84.1,72.8
9/21/2022 11:15,44.98,84.1,72.7
9/21/2022 11:16,45.51,84.2,72.7
9/21/2022 11:17,45.58,84.1,72.7
9/21/2022 11:18,45.27,84.2,72.6
9/21/2022 11:19,45.14,84.2,72.6
9/21/2022 11:20,45.12,84.2,72.6
9/21/2022 11:21,45.04,84.2,72.5
9/21/2022 11:22,45.04,84.1,72.5
9/21/2022 11:23,45.01,84.1,72.5
9/21/2022 11:24,45.63,84,72.4
9/21/2022 11:25,45.31,84,72.4
9/21/2022 11:26,45.45,83.9,72.4
9/21/2022 11:27,45.6,83.9,72.3
9/21/2022 11:28,45.5,83.8,72.3
9/21/2022 11:29,44.89,83.8,72.3
9/21/2022 11:30,44.97,83.7,72.3
9/21/2022 11:31,45.39,83.7,72.3
9/21/2022 11:32,45.24,83.7,72.2
9/21/2022 11:33,44.93,83.6,72.3
9/21/2022 11:34,44.66,83.7,72.2
9/21/2022 11:35,45.13,83.6,72.2
9/21/2022 11:36,45.41,83.6,72.2
9/21/2022 11:37,45.54,83.6,72.1
9/21/2022 11:38,45.54,83.5,72.1
9/21/2022 11:38,44.84,83.6,72.1
9/21/2022 11:39,44.64,83.6,72
9/21/2022 11:40,44.48,83.6,72
9/21/2022 11:41,44.62,83.7,72
9/21/2022 11:42,43.86,83.7,71.9
9/21/2022 11:43,43.17,83.7,71.9
9/21/2022 11:44,43.92,83.8,71.8
9/21/2022 11:45,43.93,83.8,71.8
9/21/2022 11:46,43.42,83.8,71.7
9/21/2022 11:47,43,83.8,71.7
9/21/2022 11:48,42.65,83.8,71.7
9/21/2022 11:49,42.98,83.8,71.6
9/21/2022 11:50,42.34,83.8,71.7
9/21/2022 11:51,41.81,83.8,71.7
9/21/2022 11:52,42.27,83.7,71.7
9/21/2022 11:53,42.07,83.8,71.8
9/21/2022 11:54,41.5,83.8,71.8
9/21/2022 11:55,42.1,83.8,71.9
9/21/2022 11:56,42.39,83.8,72
9/21/2022 11:57,42.27,83.8,72
9/21/2022 11:58,42.36,83.8,72.1
9/21/2022 11:59,42.62,83.8,72.2
9/21/2022 12:00,42.54,83.7,72.2
9/21/2022 12:01,42.62,83.8,72.3
9/21/2022 12:02,42.52,83.8,72.4
9/21/2022 12:03,42.34,83.7,72.4
9/21/2022 12:04,41.64,83.8,72.5
9/21/2022 12:05,40.97,83.8,72.5
9/21/2022 12:06,42.04,83.7,72.6
9/21/2022 12:07,42.43,83.7,72.6
9/21/2022 12:08,41.93,83.7,72.6
9/21/2022 12:09,41.85,83.7,72.6
9/21/2022 12:10,42.06,83.6,72.7
9/21/2022 12:11,42.27,83.7,72.7
9/21/2022 12:12,41.96,83.7,72.6
9/21/2022 12:13,41.44,83.6,72.7
9/21/2022 12:14,41.78,83.7,72.7
9/21/2022 12:15,41.98,83.6,72.6
9/21/2022 12:16,42.39,83.6,72.6
9/21/2022 12:17,42.56,83.6,72.5
9/21/2022 12:18,42.46,83.5,72.5
9/21/2022 12:19,42.35,83.5,72.4
9/21/2022 12:20,42.5,83.5,72.3
9/21/2022 12:21,42.35,83.5,72.2
9/21/2022 12:22,42.35,83.5,72.1
9/21/2022 12:23,41.91,83.5,72
9/21/2022 12:24,42.4,83.5,71.9
9/21/2022 12:25,42.54,83.5,71.8
9/21/2022 12:26,43.15,83.6,71.6
9/21/2022 12:27,43.37,83.6,71.4
9/21/2022 12:28,42.98,83.6,71.2
9/21/2022 12:29,42.88,83.7,71
9/21/2022 12:30,42.75,83.7,70.7
9/21/2022 12:31,43.11,83.7,70.5
9/21/2022 12:32,43.3,83.7,70.4
9/21/2022 12:33,42.69,83.7,70.1
9/21/2022 12:34,42.64,83.7,70.1
9/21/2022 12:35,42.97,83.7,70
9/21/2022 12:36,43.19,83.7,69.9
9/21/2022 12:37,43.32,83.7,69.9
9/21/2022 12:38,43.19,83.7,69.8
9/21/2022 12:39,43.27,83.8,69.9
9/21/2022 12:40,44.05,83.7,69.8
9/21/2022 12:41,44.33,83.8,69.9
9/21/2022 12:42,43.91,83.8,69.9
9/21/2022 12:43,44.13,83.9,70
9/21/2022 12:44,44.43,83.9,70
9/21/2022 12:45,44.26,84,70
9/21/2022 12:46,44.45,84,70.1
9/21/2022 12:47,44.68,84.1,70.1
9/21/2022 12:48,45.32,84.1,70.2
9/21/2022 12:49,45.42,84.1,70.2
9/21/2022 12:50,45.57,84.2,70.2
9/21/2022 12:51,46.04,84.2,70.3
9/21/2022 12:52,46.8,84.2,70.3
9/21/2022 12:53,46.51,84.2,70.4
9/21/2022 12:54,46.25,84.1,70.4
9/21/2022 12:55,46.79,84.1,70.4
9/21/2022 12:56,46.58,84.1,70.5
9/21/2022 12:57,46.74,84.1,70.5
9/21/2022 12:58,46.27,84,70.5
9/21/2022 12:59,45.78,84.1,70.6
9/21/2022 13:00,45.54,84,70.6
9/21/2022 13:01,46.32,83.9,70.6
9/21/2022 13:02,46.31,83.9,70.7
9/21/2022 13:03,45.92,83.9,70.6
9/21/2022 13:04,46.19,83.9,70.6
9/21/2022 13:05,46.21,83.8,70.7
9/21/2022 13:06,44.98,83.8,70.7
9/21/2022 13:07,45.47,83.8,70.7
9/21/2022 13:08,45.45,83.8,70.7
9/21/2022 13:09,45.56,83.7,70.7
9/21/2022 13:10,45.99,83.7,70.8
9/21/2022 13:11,46.7,83.7,70.8
9/21/2022 13:12,46.61,83.7,70.8
9/21/2022 13:13,46.05,83.6,70.9
9/21/2022 13:14,46.53,83.7,70.9
9/21/2022 13:15,46.45,83.6,71
9/21/2022 13:16,45.93,83.6,71
9/21/2022 13:17,45.32,83.6,71
9/21/2022 13:18,45.32,83.6,71
9/21/2022 13:18,45.05,83.7,70.9
9/21/2022 13:19,44.66,83.6,71
9/21/2022 13:20,44.21,83.6,71
9/21/2022 13:21,43.27,83.7,71
9/21/2022 13:22,43.67,83.6,71
9/21/2022 13:23,45.5,83.6,71
9/21/2022 13:24,46.42,83.6,71
9/21/2022 13:25,46.32,83.5,71
9/21/2022 13:26,46.94,83.6,71
9/21/2022 13:27,47.56,83.6,70.9
9/21/2022 13:28,47.18,83.5,71
9/21/2022 13:29,47.28,83.5,70.9
9/21/2022 13:30,46.88,83.5,71
9/21/2022 13:31,46.4,83.5,70.9
9/21/2022 13:32,46.63,83.5,71
9/21/2022 13:33,45.11,83.6,71
9/21/2022 13:34,46.7,83.6,71
9/21/2022 13:35,45.95,83.6,70.9
9/21/2022 13:36,46.43,83.6,70.9
9/21/2022 13:37,46.24,83.7,70.9
9/21/2022 13:38,45.55,83.7,70.8
9/21/2022 13:39,45.3,83.6,70.8
9/21/2022 13:40,45.79,83.8,70.8
9/21/2022 13:41,45.47,83.8,70.7
9/21/2022 13:42,46.3,83.8,70.7
9/21/2022 13:43,45.24,83.9,70.7
9/21/2022 13:44,45.04,83.9,70.7
9/21/2022 13:45,45.46,84,70.7
9/21/2022 13:46,45.8,84,70.7
9/21/2022 13:47,45.45,84.1,70.7
9/21/2022 13:48,45.61,84.1,70.7
9/21/2022 13:49,45.78,84.2,70.7
9/21/2022 13:50,45.7,84.3,70.7
9/21/2022 13:51,46.12,84.3,70.8
9/21/2022 13:52,45.95,84.4,70.7
9/21/2022 13:53,45.7,84.4,70.7
9/21/2022 13:54,45.55,84.4,70.8
9/21/2022 13:55,45.48,84.4,70.8
9/21/2022 13:56,46.11,84.4,70.8
9/21/2022 13:57,46.09,84.3,70.8
9/21/2022 13:58,45.55,84.2,70.9
9/21/2022 13:59,46.05,84.2,70.9
9/21/2022 14:00,46.31,84.1,70.9
9/21/2022 14:01,46.38,84.1,70.9
9/21/2022 14:02,46.2,84,70.9
9/21/2022 14:03,46.12,84,71
9/21/2022 14:04,46.17,84,70.9
9/21/2022 14:05,44.83,83.9,71
9/21/2022 14:06,44.48,83.9,71
9/21/2022 14:07,44.53,83.8,71
9/21/2022 14:08,45.45,83.8,71.1
9/21/2022 14:09,45.76,83.9,71
9/21/2022 14:10,45.84,83.9,71.1
9/21/2022 14:11,45.02,83.8,71
9/21/2022 14:12,45.17,83.8,71.1
9/21/2022 14:13,45.39,83.7,71.1
9/21/2022 14:14,45.26,83.8,71.2
9/21/2022 14:15,45.6,83.7,71.2
9/21/2022 14:16,45.05,83.6,71.2
9/21/2022 14:17,45.47,83.6,71.2
9/21/2022 14:18,45.83,83.5,71.2
9/21/2022 14:19,45.59,83.5,71.2
9/21/2022 14:20,45.68,83.5,71.2
9/21/2022 14:21,46.03,83.5,71.1
9/21/2022 14:22,46.1,83.4,71.1
9/21/2022 14:23,45.93,83.5,71.2
9/21/2022 14:24,46.02,83.5,71.2
9/21/2022 14:25,45.98,83.5,71.1
9/21/2022 14:26,45.86,83.5,71.1
9/21/2022 14:27,45.68,83.6,71.2
9/21/2022 14:28,45.25,83.5,71.1
9/21/2022 14:29,46.25,83.6,71.1
9/21/2022 14:30,46.43,83.5,71.1
9/21/2022 14:31,46.21,83.5,71.1
9/21/2022 14:32,45.74,83.5,71.1
9/21/2022 14:33,45.8,83.5,71.1
9/21/2022 14:34,45.86,83.5,71.1
9/21/2022 14:35,46.34,83.4,71
9/21/2022 14:36,46.45,83.4,71.1
9/21/2022 14:37,46.53,83.4,71
9/21/2022 14:38,46.04,83.5,71
9/21/2022 14:39,45.81,83.4,71
9/21/2022 14:40,46.04,83.4,70.9
9/21/2022 14:41,45.71,83.4,71
9/21/2022 14:42,45.95,83.5,70.9
9/21/2022 14:43,46.18,83.5,70.9
9/21/2022 14:44,45.98,83.5,70.9
9/21/2022 14:45,46.68,83.5,71
9/21/2022 14:46,46.63,83.6,70.9
9/21/2022 14:47,46.31,83.6,71
9/21/2022 14:48,46.08,83.6,71
9/21/2022 14:49,45.84,83.7,71.1
9/21/2022 14:50,45.85,83.7,71.1
9/21/2022 14:51,46.08,83.8,71.2
9/21/2022 14:52,46.5,83.9,71.1
9/21/2022 14:53,46.29,83.9,71.2
9/21/2022 14:54,45.64,84,71.2
9/21/2022 14:55,45.78,84,71.2
9/21/2022 14:56,46.07,84,71.2
9/21/2022 14:57,46.61,84,71.2
9/21/2022 14:58,46.66,84.1,71.1
9/21/2022 14:59,46.97,84.1,71.1
9/21/2022 15:00,46.52,84.1,71.1
9/21/2022 15:01,46.77,84.2,71.1
9/21/2022 15:02,46.52,84.2,71
9/21/2022 15:03,46.5,84.2,71.1
9/21/2022 15:04,47.23,84.3,71.1
9/21/2022 15:05,47.29,84.3,71
9/21/2022 15:06,47.38,84.2,70.9
9/21/2022 15:07,47.98,84.3,70.9
9/21/2022 15:08,48.1,84.4,70.9
9/21/2022 15:09,47.5,84.4,70.8
9/21/2022 15:10,47.82,84.4,70.8
9/21/2022 15:11,48.27,84.4,70.8
9/21/2022 15:12,47.81,84.4,70.9
9/21/2022 15:13,47.32,84.4,70.8
9/21/2022 15:14,46.74,84.3,70.8
9/21/2022 15:15,46.65,84.3,70.8
9/21/2022 15:16,46.45,84.3,70.9
9/21/2022 15:17,46.14,84.2,70.8
9/21/2022 15:18,46.3,84.1,70.8
9/21/2022 15:19,46.44,84.1,70.9
9/21/2022 15:20,46.59,84,70.8
9/21/2022 15:21,46.8,83.9,70.8
9/21/2022 15:22,46.45,83.8,70.8
9/21/2022 15:23,46.21,83.8,70.8
9/21/2022 15:24,46.51,83.7,70.8
9/21/2022 15:25,46.18,83.6,70.8
9/21/2022 15:26,46.28,83.5,70.9
9/21/2022 15:27,45.58,83.4,70.9
9/21/2022 15:28,45.59,83.3,70.9
9/21/2022 15:29,45.67,83.2,70.9
9/21/2022 15:30,45.81,83.2,70.9
9/21/2022 15:31,45.89,83.1,70.9
9/21/2022 15:32,45.92,83.1,70.9
9/21/2022 15:33,45.46,83.1,70.9
9/21/2022 15:34,45.3,83.1,70.9
9/21/2022 15:35,45.64,83,71
9/21/2022 15:36,46.11,83.1,70.9
9/21/2022 15:37,45.48,83.1,70.9
9/21/2022 15:38,44.94,83.2,71
9/21/2022 15:39,45.13,83.2,71
9/21/2022 15:40,45.36,83.3,71
9/21/2022 15:41,45.43,83.4,71.1
9/21/2022 15:42,45.58,83.4,71.1
9/21/2022 15:43,45.44,83.5,71.1
9/21/2022 15:44,44.72,83.6,71.1
9/21/2022 15:45,44.71,83.6,71.2
9/21/2022 15:46,44.42,83.7,71.1
9/21/2022 15:47,44.12,83.7,71.1
9/21/2022 15:48,44.03,83.8,71.1
9/21/2022 15:49,43.7,83.8,71.2
9/21/2022 15:50,43.53,83.9,71.2
9/21/2022 15:51,42.93,83.9,71.2
9/21/2022 15:52,42.56,84,71.2
9/21/2022 15:53,41.99,84.1,71.1
9/21/2022 15:54,41.87,84.1,71.2
9/21/2022 15:55,41.74,84.2,71.2
9/21/2022 15:56,41.61,84.2,71.2
9/21/2022 15:57,41.82,84.3,71.1
9/21/2022 15:58,41.86,84.3,71.2
9/21/2022 15:59,42.02,84.2,71.2
9/21/2022 16:00,42.24,84.2,71.2
9/21/2022 16:01,41.74,84.2,71.2
9/21/2022 16:02,40.84,84.2,71.1
9/21/2022 16:03,40.8,84.1,71.2
9/21/2022 16:04,41,84.2,71.1
9/21/2022 16:05,41.59,84.1,71.1
9/21/2022 16:06,41.44,84.1,71.1
9/21/2022 16:07,42.05,84.1,71.1
9/21/2022 16:08,41.02,84,71.1
9/21/2022 16:09,40.43,84,71.1
9/21/2022 16:10,40.25,84,71.1
9/21/2022 16:11,39.93,84,71.1
9/21/2022 16:12,38.67,84,71.1
9/21/2022 16:13,37.73,83.9,71.1
9/21/2022 16:14,34.65,83.9,71.1
9/21/2022 16:15,33.91,83.8,71.1
9/21/2022 16:16,32.8,83.8,71.1
9/21/2022 16:17,32.11,83.8,71.1
9/21/2022 16:18,30.63,83.7,71.2
9/21/2022 16:19,29.3,83.7,71.1
9/21/2022 16:20,29.92,83.6,71.1
9/21/2022 16:21,29,83.6,71.1
9/21/2022 16:22,28.84,83.6,71.1
9/21/2022 16:23,28.38,83.5,71.2
9/21/2022 16:24,28.67,83.5,71.2
9/21/2022 16:25,28.54,83.5,71.2
9/21/2022 16:26,28.41,83.4,71.2
9/21/2022 16:27,28.4,83.5,71.2
9/21/2022 16:28,28.53,83.5,71.2
9/21/2022 16:29,28.39,83.5,71.2
9/21/2022 16:30,28.3,83.4,71.2
9/21/2022 16:31,28.28,83.4,71.2
9/21/2022 16:32,28.4,83.3,71.2
9/21/2022 16:33,27.99,83.3,71.3
9/21/2022 16:34,28.32,83.3,71.3
9/21/2022 16:35,28.88,83.3,71.3
9/21/2022 16:36,28.18,83.3,71.3
9/21/2022 16:37,27.93,83.4,71.2
9/21/2022 16:38,28.2,83.4,71.3
9/21/2022 16:39,27.84,83.5,71.3
9/21/2022 16:40,27.77,83.5,71.3
9/21/2022 16:41,27.79,83.5,71.3
9/21/2022 16:42,27.46,83.6,71.4
9/21/2022 16:43,27.75,83.6,71.3
9/21/2022 16:44,28.22,83.7,71.3
9/21/2022 16:45,28.28,83.7,71.3
9/21/2022 16:46,28.34,83.8,71.4
9/21/2022 16:47,29.38,83.8,71.4
9/21/2022 16:48,30.24,83.9,71.3
9/21/2022 16:49,29.96,83.9,71.3
9/21/2022 16:50,29.7,83.9,71.4
9/21/2022 16:51,29.88,84,71.3
9/21/2022 16:52,30.33,84.1,71.4
9/21/2022 16:53,30.3,84.1,71.3
9/21/2022 16:54,29.87,84.2,71.4
9/21/2022 16:55,30.07,84.1,71.4
9/21/2022 16:56,29.58,84.1,71.4
9/21/2022 16:57,29.82,84.2,71.4
9/21/2022 16:58,30.12,84.2,71.4
9/21/2022 16:59,30.58,84.2,71.4
9/21/2022 17:00,31.11,84.2,71.4
9/21/2022 17:01,31.81,84.2,71.4
9/21/2022 17:02,32.11,84.2,71.4
9/21/2022 17:03,32.6,84.2,71.4
9/21/2022 17:04,33.02,84.1,71.4
9/21/2022 17:05,32.9,84.1,71.3
9/21/2022 17:06,33.15,84.1,71.3
9/21/2022 17:07,33.44,84,71.3
9/21/2022 17:08,33.93,84,71.3
9/21/2022 17:09,33.93,84,71.3
9/21/2022 17:10,34.2,83.9,71.2
9/21/2022 17:11,34.63,83.8,71.2
9/21/2022 17:13,33.78,83.7,71.1
9/21/2022 17:14,33.87,83.5,71
9/21/2022 17:15,33.77,83.5,70.8
9/21/2022 17:16,33.6,83.4,70.7
9/21/2022 17:17,33.75,83.4,70.6
9/21/2022 17:18,32.53,83.3,70.6
9/21/2022 17:19,31.5,83.3,70.6
9/21/2022 17:20,31.14,83.3,70.7
9/21/2022 17:21,30.51,83.2,70.7
9/21/2022 17:22,30.01,83.3,70.8
9/21/2022 17:23,29.39,83.3,70.8
9/21/2022 17:24,28.48,83.3,70.8
9/21/2022 17:25,28.07,83.3,70.9
9/21/2022 17:26,27.88,83.4,70.9
9/21/2022 17:27,28.24,83.4,71
9/21/2022 17:28,28.12,83.4,71.1
9/21/2022 17:29,27.87,83.4,71.1
9/21/2022 17:30,28.19,83.3,71.2
9/21/2022 17:31,27.4,83.4,71.3
9/21/2022 17:32,27.98,83.4,71.4
9/21/2022 17:33,28.55,83.4,71.4
9/21/2022 17:34,28.16,83.5,71.5
9/21/2022 17:35,28.2,83.5,71.5
9/21/2022 17:36,28.16,83.5,71.6
9/21/2022 17:37,28.08,83.6,71.6
9/21/2022 17:38,28.66,83.6,71.7
9/21/2022 17:39,28.14,83.7,71.7
9/21/2022 17:40,27.77,83.7,71.8
9/21/2022 17:41,27.82,83.8,71.8
9/21/2022 17:42,27.81,83.9,71.9
9/21/2022 17:43,27.47,84,71.9
9/21/2022 17:44,27.88,84,72
9/21/2022 17:45,27.26,84.1,72
9/21/2022 17:46,27.41,84.1,72.1
9/21/2022 17:47,27.18,84.1,72.1
9/21/2022 17:48,27.55,84.2,72.2
9/21/2022 17:49,27.75,84.2,72.2
9/21/2022 17:50,27.64,84.2,72.2
9/21/2022 17:51,27.68,84.2,72.3
9/21/2022 17:52,27.91,84.2,72.3
9/21/2022 17:53,27.94,84.1,72.3
9/21/2022 17:54,28.02,84.2,72.3
9/21/2022 17:55,27.61,84.1,72.3
9/21/2022 17:56,27.3,84.1,72.4
9/21/2022 17:57,27.21,84.1,72.3
9/21/2022 17:58,27.05,84.1,72.3
9/21/2022 17:59,27.28,84,72.4
9/21/2022 18:00,27.42,84,72.4
9/21/2022 18:01,28.03,84,72.4
9/21/2022 18:02,28.67,84,72.4
9/21/2022 18:03,29.5,84,72.5
9/21/2022 18:04,28.66,84,72.4
9/21/2022 18:05,28.96,83.9,72.5
9/21/2022 18:06,29.5,83.9,72.5
9/21/2022 18:07,29.37,83.8,72.6
9/21/2022 18:08,29.02,83.8,72.6
9/21/2022 18:09,28.79,83.7,72.6
9/21/2022 18:10,28.79,83.6,72.6
9/21/2022 18:11,29.23,83.6,72.7
9/21/2022 18:12,29.5,83.5,72.6
9/21/2022 18:13,30.33,83.4,72.7
9/21/2022 18:14,30.75,83.3,72.7
9/21/2022 18:15,30.82,83.2,72.7
9/21/2022 18:16,30.82,83.2,72.7
9/21/2022 18:17,31.75,83.2,72.7
9/21/2022 18:18,32.11,83.1,72.8
9/21/2022 18:19,32.78,83.2,72.7
9/21/2022 18:20,32.89,83.2,72.7
9/21/2022 18:21,33.94,83.2,72.8
9/21/2022 18:22,33.42,83.2,72.8
9/21/2022 18:23,33.86,83.2,72.8
9/21/2022 18:24,34.1,83.3,72.8
9/21/2022 18:25,33.98,83.3,72.8
9/21/2022 18:26,33.76,83.3,72.9
9/21/2022 18:27,33.68,83.4,72.8
9/21/2022 18:28,33.5,83.4,72.9
9/21/2022 18:29,33.51,83.5,72.9
9/21/2022 18:30,33.79,83.5,72.9
9/21/2022 18:31,33.64,83.5,72.9
9/21/2022 18:32,33.33,83.6,72.9
9/21/2022 18:33,32.42,83.7,72.9
9/21/2022 18:34,32.49,83.7,73
9/21/2022 18:35,29.95,83.7,73
9/21/2022 18:36,30.65,83.8,73
9/21/2022 18:37,29.93,83.8,73
9/21/2022 18:38,29.3,83.8,73
9/21/2022 18:39,28.41,83.9,73.1
9/21/2022 18:40,28.11,83.9,73
9/21/2022 18:41,26.85,84,73
9/21/2022 18:42,26.56,84,73.1
9/21/2022 18:43,26.78,84,73.1
9/21/2022 18:44,26.66,84.1,73.1
9/21/2022 18:45,26.59,84.1,73.1
9/21/2022 18:46,26.79,84.1,73.2
9/21/2022 18:47,27.2,84.2,73.1
9/21/2022 18:48,27.36,84.2,73.1
9/21/2022 18:49,27.23,84.2,73.1
9/21/2022 18:50,27.62,84.2,73.2
9/21/2022 18:51,27.13,84.3,73.1
9/21/2022 18:52,26.84,84.2,73.2
9/21/2022 18:53,26.71,84.2,73.1
9/21/2022 18:54,27.06,84.1,73.1
9/21/2022 18:55,27.49,84,73.1
9/21/2022 18:56,27.49,84,73.1
9/21/2022 18:57,27.26,83.9,73.1
9/21/2022 18:58,27.19,83.8,73.1
9/21/2022 18:59,27.34,83.7,73.1
9/21/2022 19:00,27.49,83.6,73.1
9/21/2022 19:01,27.37,83.5,73.1
9/21/2022 19:02,27.69,83.4,73.1
9/21/2022 19:03,27.79,83.4,73.1
9/21/2022 19:04,27.84,83.3,73
9/21/2022 19:05,27.86,83.3,73.1
9/21/2022 19:06,27.95,83.2,73.1
9/21/2022 19:07,27.91,83.2,73
9/21/2022 19:08,28.31,83.2,73.1
9/21/2022 19:09,28.05,83.3,73.1
9/21/2022 19:10,27.78,83.2,73.1
9/21/2022 19:11,27.49,83.2,73.1
9/21/2022 19:12,27.36,83.3,73.2
9/21/2022 19:13,27.42,83.3,73.1
9/21/2022 19:14,27.55,83.3,73.1
9/21/2022 19:15,27.37,83.3,73.2
9/21/2022 19:16,27.38,83.3,73.2
9/21/2022 19:17,28.42,83.4,73.2
9/21/2022 19:18,28.33,83.3,73.2
9/21/2022 19:19,29.24,83.4,73.2
9/21/2022 19:20,29.83,83.4,73.3
9/21/2022 19:21,30.13,83.5,73.3
9/21/2022 19:22,30.51,83.5,73.2
9/21/2022 19:23,30.84,83.6,73.3
9/21/2022 19:24,31.07,83.6,73.3
9/21/2022 19:25,32.18,83.7,73.3
9/21/2022 19:26,32.53,83.7,73.2
9/21/2022 19:27,32.93,83.7,73.3
9/21/2022 19:28,33.78,83.7,73.3
9/21/2022 19:29,34.3,83.8,73.3
9/21/2022 19:30,34.99,83.8,73.3
9/21/2022 19:31,35.23,83.8,73.2
9/21/2022 19:32,35.22,83.7,73.3
9/21/2022 19:33,35.38,83.7,73.3
9/21/2022 19:34,35.58,83.7,73.3
9/21/2022 19:35,36.04,83.6,73.3
9/21/2022 19:36,36.62,83.7,73.3
9/21/2022 19:37,37.5,83.6,73.3
9/21/2022 19:38,37.98,83.6,73.2
9/21/2022 19:39,38.04,83.5,73.3
9/21/2022 19:40,38.37,83.6,73.2
9/21/2022 19:41,38.27,83.5,73.2
9/21/2022 19:42,38.66,83.6,73.2
9/21/2022 19:43,39.04,83.6,73.2
9/21/2022 19:44,39.14,83.6,73.2
9/21/2022 19:45,38.61,83.7,73.2
9/21/2022 19:46,38.51,83.6,73.1
9/21/2022 19:47,38.63,83.6,73.2
9/21/2022 19:48,38.2,83.6,73.2
9/21/2022 19:49,38.23,83.6,73.1
9/21/2022 19:50,38.8,83.7,73.2
9/21/2022 19:51,38.9,83.6,73.1
9/21/2022 19:52,38.54,83.6,73.2
9/21/2022 19:53,38.74,83.6,73.2
9/21/2022 19:54,38.95,83.6,73.2
9/21/2022 19:55,39.56,83.6,73.1
9/21/2022 19:56,39.69,83.6,73.2
9/21/2022 19:57,39.13,83.6,73.1
9/21/2022 19:58,39.02,83.6,73.1
9/21/2022 19:59,39.11,83.7,73.1
9/21/2022 20:00,39.2,83.7,73.2
9/21/2022 20:01,39.24,83.7,73.2
9/21/2022 20:02,39.51,83.7,73.1
9/21/2022 20:03,39.58,83.8,73.1
9/21/2022 20:04,39.18,83.7,73.1
9/21/2022 20:05,39.09,83.7,73.1
9/21/2022 20:06,39.63,83.8,73.1
9/21/2022 20:07,39.78,83.8,73.2
9/21/2022 20:08,39.89,83.7,73.2
9/21/2022 20:09,39.32,83.8,73.2
9/21/2022 20:10,39.39,83.7,73.1
9/21/2022 20:11,40.33,83.7,73.2
9/21/2022 20:12,40.31,83.7,73.2
9/21/2022 20:13,40.43,83.8,73.2
9/21/2022 20:14,40.95,83.7,73.1
9/21/2022 20:15,40.83,83.7,73.1
9/21/2022 20:16,40.79,83.7,73.1
9/21/2022 20:17,41.04,83.7,73.1
9/21/2022 20:18,41.67,83.7,73
9/21/2022 20:19,41.76,83.6,73
9/21/2022 20:20,41.25,83.6,73
9/21/2022 20:21,41.18,83.6,73
9/21/2022 20:22,41.73,83.5,73
9/21/2022 20:23,42.15,83.5,72.9
9/21/2022 20:24,41.81,83.5,73
9/21/2022 20:25,41.86,83.4,73
9/21/2022 20:26,41.95,83.4,73
9/21/2022 20:27,42.02,83.3,73
9/21/2022 20:28,42.73,83.3,73
9/21/2022 20:29,42.61,83.3,73
9/21/2022 20:30,41.96,83.2,73.1
9/21/2022 20:31,42.01,83.2,73
9/21/2022 20:32,42.03,83.2,73.1
9/21/2022 20:33,42.76,83.1,73.1
9/21/2022 20:34,42.44,83.2,73.2
9/21/2022 20:35,41.9,83.2,73.2
9/21/2022 20:36,42.31,83.2,73.3
9/21/2022 20:37,42.4,83.2,73.3
9/21/2022 20:38,42.23,83.2,73.4
9/21/2022 20:39,42.28,83.3,73.4
9/21/2022 20:40,42.43,83.3,73.4
9/21/2022 20:41,42.14,83.3,73.5
9/21/2022 20:42,42.01,83.3,73.5
9/21/2022 20:43,42.26,83.3,73.5
9/21/2022 20:44,42.02,83.4,73.5
9/21/2022 20:45,41.87,83.3,73.6
9/21/2022 20:46,42.13,83.3,73.5
9/21/2022 20:47,42.56,83.3,73.6
9/21/2022 20:48,42.68,83.4,73.6
9/21/2022 20:49,42.76,83.3,73.6
9/21/2022 20:50,42.09,83.3,73.6
9/21/2022 20:51,42,83.4,73.7
9/21/2022 20:52,42.15,83.3,73.6
9/21/2022 20:53,42.12,83.3,73.7
9/21/2022 20:54,42.41,83.4,73.7
9/21/2022 20:55,42.54,83.3,73.7
9/21/2022 20:56,42.38,83.3,73.7
9/21/2022 20:57,42.4,83.3,73.7
9/21/2022 20:58,42.21,83.4,73.8
9/21/2022 20:59,42.08,83.3,73.7
9/21/2022 21:00,42.37,83.3,73.8
9/21/2022 21:01,42.23,83.3,73.8
9/21/2022 21:02,42.47,83.4,73.8
9/21/2022 21:03,42.76,83.4,73.8
9/21/2022 21:04,42.54,83.5,73.8
9/21/2022 21:05,42.92,83.4,73.8
9/21/2022 21:06,42.94,83.5,73.8
9/21/2022 21:07,42.56,83.6,73.8
9/21/2022 21:08,42.72,83.6,73.8
9/21/2022 21:09,43.17,83.6,73.8
9/21/2022 21:10,42.94,83.7,73.8
9/21/2022 21:11,43.15,83.7,73.8
9/21/2022 21:12,43.47,83.7,73.7
9/21/2022 21:13,42.82,83.7,73.8
9/21/2022 21:14,42.78,83.7,73.8
9/21/2022 21:15,43.07,83.7,73.7
9/21/2022 21:16,43.17,83.7,73.7
9/21/2022 21:17,43.27,83.6,73.7
9/21/2022 21:18,43.65,83.7,73.7
9/21/2022 21:19,42.42,83.7,73.7
9/21/2022 21:20,42.53,83.8,73.7
9/21/2022 21:21,42.9,83.7,73.6
9/21/2022 21:22,42.89,83.7,73.7
9/21/2022 21:23,42.95,83.8,73.7
9/21/2022 21:24,42.85,83.8,73.7
9/21/2022 21:25,42.38,83.8,73.7
9/21/2022 21:26,42.23,83.8,73.6
9/21/2022 21:27,42.89,83.8,73.7
9/21/2022 21:28,43.19,83.8,73.7
9/21/2022 21:29,42.75,83.8,73.7
9/21/2022 21:30,42.68,83.8,73.7
9/21/2022 21:31,42.83,83.7,73.7
9/21/2022 21:32,43.45,83.8,73.6
9/21/2022 21:33,43.93,83.8,73.6
9/21/2022 21:34,43.81,83.8,73.6
9/21/2022 21:35,43.37,83.7,73.5
9/21/2022 21:36,43.02,83.8,73.5
9/21/2022 21:37,42.78,83.8,73.4
9/21/2022 21:38,42.62,83.8,73.3
9/21/2022 21:39,43.25,83.8,73.3
9/21/2022 21:40,43.09,83.8,73.2
9/21/2022 21:41,43.1,83.7,73.1
9/21/2022 21:42,42.45,83.7,73.2
9/21/2022 21:43,42.52,83.6,73.2
9/21/2022 21:44,42.64,83.6,73.2
9/21/2022 21:45,42.72,83.5,73.3
9/21/2022 21:46,42.71,83.5,73.3
9/21/2022 21:47,42.56,83.5,73.3
9/21/2022 21:48,42.82,83.5,73.3
9/21/2022 21:49,43.15,83.4,73.4
9/21/2022 21:50,43.1,83.4,73.4
9/21/2022 21:51,42.89,83.3,73.4
9/21/2022 21:52,43.15,83.3,73.4
9/21/2022 21:53,43.17,83.4,73.5
9/21/2022 21:54,43.33,83.3,73.4
9/21/2022 21:55,43.07,83.3,73.5
9/21/2022 21:56,43.18,83.3,73.5
9/21/2022 21:57,44.14,83.2,73.6
9/21/2022 21:58,43,83.2,73.6
9/21/2022 21:59,42.86,83.2,73.6
9/21/2022 22:00,43.04,83.1,73.7
9/21/2022 22:01,43.05,83.1,73.7
9/21/2022 22:02,42.86,83.1,73.7
9/21/2022 22:03,43.34,83.1,73.7
9/21/2022 22:04,42.91,83.2,73.7
9/21/2022 22:05,42.4,83.2,73.7
9/21/2022 22:06,42.76,83.2,73.7
9/21/2022 22:07,42.88,83.2,73.8
9/21/2022 22:08,42.84,83.3,73.7
9/21/2022 22:09,42.97,83.3,73.7
9/21/2022 22:10,42.56,83.4,73.7
9/21/2022 22:11,42.4,83.4,73.7
9/21/2022 22:12,43.04,83.4,73.7
9/21/2022 22:13,42.97,83.5,73.7
9/21/2022 22:14,42.9,83.4,73.7
9/21/2022 22:15,42.82,83.5,73.7
9/21/2022 22:16,42.27,83.5,73.7
9/21/2022 22:17,42.51,83.5,73.8
9/21/2022 22:18,43.2,83.5,73.7
9/21/2022 22:19,42.63,83.5,73.7
9/21/2022 22:20,42.7,83.6,73.7
9/21/2022 22:21,41.96,83.6,73.6
9/21/2022 22:22,42.3,83.6,73.7
9/21/2022 22:23,42.11,83.7,73.6
9/21/2022 22:24,28.12,83.7,73.5
9/21/2022 22:25,15.87,83.8,73.5
9/21/2022 22:26,41.98,83.8,73.4
9/21/2022 22:27,43.23,83.8,73.3
9/21/2022 22:28,41.94,83.9,73.2
9/21/2022 22:29,41.73,83.9,73.1
9/21/2022 22:30,42.74,83.8,73
9/21/2022 22:31,44.44,83.8,72.8
9/21/2022 22:32,44.23,83.8,72.7
9/21/2022 22:33,45.33,83.8,72.6
9/21/2022 22:34,45,83.8,72.5
9/21/2022 22:35,44.66,83.8,72.4
9/21/2022 22:36,45.2,83.8,72.3
9/21/2022 22:37,45.32,83.8,72.3
9/21/2022 22:38,44.87,83.7,72.3
9/21/2022 22:39,44.95,83.8,72.3
9/21/2022 22:40,45.06,83.8,72.3
9/21/2022 22:41,44.67,83.9,72.3
9/21/2022 22:42,43.97,83.8,72.3
9/21/2022 22:43,43.72,83.8,72.2
9/21/2022 22:44,43.98,83.9,72.3
9/21/2022 22:45,44.51,83.9,72.4
9/21/2022 22:46,44.78,83.9,72.3
9/21/2022 22:47,44.78,83.9,72.4
9/21/2022 22:47,44.88,83.8,72.4
9/21/2022 22:48,44.68,83.9,72.5
9/21/2022 22:49,44.85,83.9,72.5
9/21/2022 22:50,44.63,83.8,72.5
9/21/2022 22:51,44.73,83.8,72.6
9/21/2022 22:52,44.74,83.8,72.7
9/21/2022 22:53,44.38,83.8,72.7
9/21/2022 22:54,43.9,83.8,72.7
9/21/2022 22:55,43.97,83.7,72.8
9/21/2022 22:56,45.14,83.7,72.8
9/21/2022 22:57,44.68,83.7,72.8
9/21/2022 22:58,44.06,83.6,72.9
9/21/2022 22:59,44.46,83.6,72.9
9/21/2022 23:00,44.47,83.5,72.9
9/21/2022 23:01,44.01,83.5,72.9
9/21/2022 23:02,43.75,83.5,72.9
9/21/2022 23:03,43.18,83.4,73
9/21/2022 23:04,43.26,83.3,72.9
9/21/2022 23:05,35.26,83.3,73
9/21/2022 23:06,38.78,83.3,73
9/21/2022 23:07,41.01,83.3,73
9/21/2022 23:08,41.95,83.3,73
9/21/2022 23:09,44.49,83.2,73
9/21/2022 23:10,46.43,83.3,73
9/21/2022 23:11,47.08,83.3,73
9/21/2022 23:12,48.46,83.3,72.9
9/21/2022 23:13,48.91,83.3,73
9/21/2022 23:14,49.34,83.4,73
9/21/2022 23:15,49.55,83.3,72.9
9/21/2022 23:16,49.56,83.4,73
9/21/2022 23:17,49.42,83.4,73
9/21/2022 23:18,47.96,83.5,73
9/21/2022 23:19,47.38,83.5,73
9/21/2022 23:20,46.82,83.5,73
9/21/2022 23:21,46.66,83.5,72.9
9/21/2022 23:22,46.01,83.6,73
9/21/2022 23:23,45.78,83.5,73
9/21/2022 23:24,45.38,83.5,73
9/21/2022 23:25,44.92,83.5,73
9/21/2022 23:26,44.29,83.5,73
9/21/2022 23:27,42.82,83.6,73.1
9/21/2022 23:28,42.28,83.5,73
9/21/2022 23:29,42.01,83.5,73.1
9/21/2022 23:30,41.78,83.6,73.1
9/21/2022 23:31,41.03,83.6,73.1
9/21/2022 23:32,40.99,83.7,73.1
9/21/2022 23:33,40.96,83.6,73.1
9/21/2022 23:34,39.23,83.7,73.1
9/21/2022 23:35,38.49,83.7,73.1
9/21/2022 23:36,38.02,83.8,73.1
9/21/2022 23:37,37.8,83.7,73.1
9/21/2022 23:38,37.72,83.7,73.2
9/21/2022 23:39,36.52,83.8,73.2
9/21/2022 23:40,36.11,83.7,73.2
9/21/2022 23:41,36.21,83.7,73.2
9/21/2022 23:42,35.68,83.8,73.2
9/21/2022 23:43,35.51,83.8,73.2
9/21/2022 23:44,35.19,83.8,73.2
9/21/2022 23:45,35.35,83.9,73.1
9/21/2022 23:46,35.59,83.9,73.1
9/21/2022 23:47,34.9,83.9,73.1
9/21/2022 23:48,34.47,83.9,73.1
9/21/2022 23:49,34.02,83.9,73.2
9/21/2022 23:50,33.54,84,73.1
9/21/2022 23:51,33.11,83.9,73.1
9/21/2022 23:52,33.02,83.9,73.1
9/21/2022 23:53,33.02,84,73.1
9/21/2022 23:53,32.73,83.9,73.1
9/21/2022 23:55,32.93,83.9,73.1
9/21/2022 23:56,32.72,84,73.2
9/21/2022 23:57,32.57,83.9,73.2
9/21/2022 23:58,32.73,83.9,73.2
9/21/2022 23:59,32.86,84,73.2
